name,hex,link
Acero,#8b8589,https://es.wikipedia.org/wiki/Gris#Muestras_grises
Agua,#66ada4,https://es.wikipedia.org/wiki/Azul_verde#Coloraciones_azul_verdes
Aguacate o Palta,#568203,https://es.wikipedia.org/wiki/Verde_amarillo#Otros_ejemplos_verde-amarillos
Aguamarina,#9fd5d1,https://es.wikipedia.org/wiki/Aguamarina_(color)
Albaricoque,#fab57f,https://es.wikipedia.org/wiki/Mel%C3%B3n_(color)#Ejemplos_y_coloraciones_similares
Almagre,#d4442f,https://es.wikipedia.org/wiki/Almagre
Almendra,#c19a6b,https://es.wikipedia.org/wiki/Marr%C3%B3n#Otros_ejemplos_y_tipos_de_marrón
Aluminio,#b9b8b5,https://es.wikipedia.org/wiki/Gris#Muestras_grises
Amaranto,#e52b50,https://es.wikipedia.org/wiki/Amaranto_(color)
Amarillo,#ffe900,https://es.wikipedia.org/wiki/Amarillo
Amarillo Azufre,#edff21,https://es.wikipedia.org/wiki/Amarillo#Ejemplos_de_amarillos_y_colores_próximos
Amarillo Cadmio,#fff600,https://es.wikipedia.org/wiki/Amarillo_cadmio
Amarillo Chino,#fada5e,https://es.wikipedia.org/wiki/Amarillo#Ejemplos_de_amarillos_y_colores_próximos
Amarillo Fluorescente,#ccff00,https://es.wikipedia.org/wiki/Lima_(color)#Limas_o_verde-amarillos_espectrales
Amarillo Hansa,#ffcd00,https://es.wikipedia.org/wiki/Amarillo_Hansa
Amarillo Indio,#f39430,https://es.wikipedia.org/wiki/Amarillo_indio
Amarillo Monoazo,#ffeb00,https://es.wikipedia.org/wiki/Amarillo_monoazo
Amarillo Naranja,#fbba00,https://es.wikipedia.org/wiki/Amarillo_naranja
Amarillo Nápoles,#eccd6a,https://es.wikipedia.org/wiki/Amarillo_N%C3%A1poles
Amarillo Patito,#fad201,https://es.wikipedia.org/wiki/Amarillo_tr%C3%A1fico
Amarillo Selectivo,#ffba00,https://es.wikipedia.org/wiki/Amarillo_selectivo
Amarillo Tráfico,#fbd302,https://es.wikipedia.org/wiki/Amarillo_tr%C3%A1fico
Amarillo Verdoso,#ded700,https://es.wikipedia.org/wiki/Verde_amarillo#Comparación_con_colores_próximos
Amarillo de Cobalto,#ffbf08,https://es.wikipedia.org/wiki/Amarillo_de_cobalto
Amarillo de Cromo,#ffcc0f,https://es.wikipedia.org/wiki/Amarillo_de_cromo
Amatista,#9966cc,https://es.wikipedia.org/wiki/Amatista_(color)
Anaranjado,#ef7f1a,https://es.wikipedia.org/wiki/Anaranjado
Ante,#bf8f4e,https://es.wikipedia.org/wiki/Ante_(color)
Antracita,#383e42,https://es.wikipedia.org/wiki/Gris#Muestras_grises
Arena,#ece2c6,https://es.wikipedia.org/wiki/Arena_(color)
Asfalto,#555555,https://es.wikipedia.org/wiki/Gris#Muestras_grises
Aureolina,#d7b615,https://es.wikipedia.org/wiki/Aureolina
Avellana,#b48969,https://es.wikipedia.org/wiki/Marron_(color)#Otros_ejemplos_y_tipos_de_marrón
Azabache,#343434,https://es.wikipedia.org/wiki/Negro_(color)#Ejemplos_de_coloraciones_negras
Azafrán,#f4c430,https://es.wikipedia.org/wiki/Amarillo_naranja#Coloraciones_amarillo-naranjas
Azarcón,#ff4000,https://es.wikipedia.org/wiki/Azarc%C3%B3n
Azul,#0070b8,https://es.wikipedia.org/wiki/Azul
Azul Acero,#4682b4,https://es.wikipedia.org/wiki/Azul_acero
Azul Aciano,#8f97cb,https://es.wikipedia.org/wiki/Azul_aciano
Azul Alicia,#91a3b0,https://es.wikipedia.org/wiki/Azul_Alicia
Azul Bebé o Azul Celeste,#89cff0,https://es.wikipedia.org/wiki/Celeste_(color)#Variedades_de_celeste
Azul Cerúleo,#0067a5,https://es.wikipedia.org/wiki/Cer%C3%BAleo#Variedad
Azul Cian,#00a0e3,https://es.wikipedia.org/wiki/Cian_(color)#Cian_sustractivo_(color_primario)
Azul Cobalto,#3f448c,https://es.wikipedia.org/wiki/Azul_cobalto
Azul Columbia,#78bbe4,https://es.wikipedia.org/wiki/Azul_Columbia
Azul Egipcio,#1034a6,https://es.wikipedia.org/wiki/Azul#Tipos_de_azules
Azul Eléctrico,#1630be,https://es.wikipedia.org/wiki/Azul#Tipos_de_azules
Azul Eton,#96c8a2,https://es.wikipedia.org/wiki/Azul_Eton
Azul Ftalo,#000f89,https://es.wikipedia.org/wiki/Ftalocianina
Azul Glauco,#007e8b,https://es.wikipedia.org/wiki/Turquesa_(color)#Turquesa_pictórico
Azul Horizonte,#7ca2b8,https://es.wikipedia.org/wiki/Azul_horizonte
Azul Klein,#002fa7,https://es.wikipedia.org/wiki/Azul_Klein
Azul Lavanda,#8c92ac,https://es.wikipedia.org/wiki/B%C3%ADgaro_(color)#Coloraciones_similares
Azul Lino o Azulino,#6c79b8,https://es.wikipedia.org/wiki/B%C3%ADgaro_(color)#Coloraciones_similares
Azul Majorelle,#5564eb,https://es.wikipedia.org/wiki/Azul_Majorelle
Azul Marino,#00304e,https://es.wikipedia.org/wiki/Azul_marino
Azul Maya,#73c2fb,https://es.wikipedia.org/wiki/Azul_maya
Azul Medianoche,#2a2a46,https://es.wikipedia.org/wiki/Azul_marino#Variedad_de_azules_oscuros
Azul Monastral,#01108a,https://es.wikipedia.org/wiki/Ftalocianina
Azul Persa,#1c39bb,https://es.wikipedia.org/wiki/Azul#Tipos_de_azules
Azul Púrpura,#4c2882,https://es.wikipedia.org/wiki/Azul_p%C3%BArpura
Azul Real,#00416a,https://es.wikipedia.org/wiki/Azul#Tipos_de_azules
Azul Tiffany,#81d8d0,https://es.wikipedia.org/wiki/Azul_Tiffany
Azul Turquesa,#55b4b0,https://es.wikipedia.org/wiki/Turquesa_(color)#Ejemplos_de_coloraciones_turquesas
Azul Ultramar,#4273b8,https://es.wikipedia.org/wiki/Azul_ultramar
Azul Verde,#009b94,https://es.wikipedia.org/wiki/Azul_verde
Azul Violeta,#8a2be2,https://es.wikipedia.org/wiki/Violeta_(color)#Colores_web_violetas_y_violáceos
Azul de Prusia,#033e72,https://es.wikipedia.org/wiki/Azul_de_Prusia
Azur,#007fff,https://es.wikipedia.org/wiki/Azur#El_color_azur_en_la_actualidad
Añil,#1c4c96,https://es.wikipedia.org/wiki/A%C3%B1il
Banana,#fbec5d,https://es.wikipedia.org/wiki/Ma%C3%ADz_(color)
Barbecho,#c29b6c,https://es.wikipedia.org/wiki/Barbecho_(color)
Begonia,#e66761,https://es.wikipedia.org/wiki/Coral_(color)#Otras_muestras_coralinas
Beige o Beis,#e8c39e,https://es.wikipedia.org/wiki/Beige
Berenjena,#291e29,https://es.wikipedia.org/wiki/Negro_(color)#Otros_ejemplos_negruzcos
Bermejo,#b3342c,https://es.wikipedia.org/wiki/Bermejo_(color)
Bermellón,#e62e00,https://es.wikipedia.org/wiki/Bermell%C3%B3n
Bistre,#877d60,https://es.wikipedia.org/wiki/Bistre
Bistre Marrón,#967117,https://es.wikipedia.org/wiki/Bistre#El_bistre_como_color
Blanco,#ffffff,https://es.wikipedia.org/wiki/Blanco
Blanco Humo,#b4bcc0,https://es.wikipedia.org/wiki/Gris#Muestras_grises
Blanco Navajo,#ebe1c9,https://es.wikipedia.org/wiki/Blanco_navajo
Blanco de Zinc/Cinc,#fafbfd,https://es.wikipedia.org/wiki/Blanco_de_cinc
Borgoña,#900020,https://es.wikipedia.org/wiki/Borgo%C3%B1a_(color)
Borravino,#56070c,https://es.wikipedia.org/wiki/Borravino
Bronce,#cd7f32,https://es.wikipedia.org/wiki/Marr%C3%B3n#Otros_ejemplos_y_tipos_de_marrón
Bronceado,#d2b48c,https://es.wikipedia.org/wiki/Bronceado_(color)
Burdeos o Bordó,#96305a,https://es.wikipedia.org/wiki/Burdeos_(color)
Bígaro,#ccccff,https://es.wikipedia.org/wiki/B%C3%ADgaro_(color)
Café,#591f0b,https://es.wikipedia.org/wiki/Marr%C3%B3n#Café
Café con Leche Cósmico,#fff8e7,https://es.wikipedia.org/wiki/Caf%C3%A9_con_leche_c%C3%B3smico
Calabaza,#eeb283,https://es.wikipedia.org/wiki/Calabaza_(color)
Calipso,#31aac1,https://es.wikipedia.org/wiki/Celeste_(color)#Variedades_de_celeste
Camello,#c39c6d,https://es.wikipedia.org/wiki/Camello_(color)
Canela,#bd8a3e,https://es.wikipedia.org/wiki/Marr%C3%B3n#Canela_o_canelo
Caoba,#c04000,https://es.wikipedia.org/wiki/Caoba_(color)
Caqui,#c3b091,https://es.wikipedia.org/wiki/Caqui_(color)
Caramelo,#ae6938,https://es.wikipedia.org/wiki/Color_Caramelo_(colorante)
Carbón,#2b2a29,https://es.wikipedia.org/wiki/Carb%C3%B3n_(color)
Cardenal,#c41e3a,https://es.wikipedia.org/wiki/Cardenal_(color)
Cardenillo,#6dc1ae,https://es.wikipedia.org/wiki/Cardenillo
Cardo,#d8bfd8,https://es.wikipedia.org/wiki/Cardo_(color)
Carmesí,#ae0e36,https://es.wikipedia.org/wiki/Carmes%C3%AD
Carmín,#d31c4f,https://es.wikipedia.org/wiki/Carm%C3%ADn
Carmín Alizarina,#860919,https://es.wikipedia.org/wiki/Carm%C3%ADn_de_alizarina
Carne o Carnación,#fcd0b4,https://es.wikipedia.org/wiki/Carne_(color)
Cartujo,#c4c574,https://es.wikipedia.org/wiki/Chartreuse_(color)#Variedad
Castaña o Castaño,#954535,https://es.wikipedia.org/wiki/Marr%C3%B3n#Castaño_y_castaña
Celeste,#0cb7f2,https://es.wikipedia.org/wiki/Celeste_(color)
Ceniza,#cdcdcd,https://es.wikipedia.org/wiki/Gris_ceniza
Cerceta,#008080,https://es.wikipedia.org/wiki/Azul_verde#Coloraciones_azul_verdes
Cereza,#de3163,https://es.wikipedia.org/wiki/Rojo_p%C3%BArpura#Ejemplos_de_rojo_púrpura
Cerúleo,#02a4d3,https://es.wikipedia.org/wiki/Cer%C3%BAleo
Cetrino,#e4d00a,https://es.wikipedia.org/wiki/Amarillo#Ejemplos_de_amarillos_y_colores_próximos
Champán,#f3e5ab,https://es.wikipedia.org/wiki/Ma%C3%ADz_(color)#Colores_similares
Chartreuse,#beb72d,https://es.wikipedia.org/wiki/Chartreuse_(color)
Chocolate,#7b3f00,https://es.wikipedia.org/wiki/Marr%C3%B3n#Chocolate
Cian,#00ffff,https://es.wikipedia.org/wiki/Cian
Cielo,#00ccff,https://es.wikipedia.org/w/index.php?title=Cielo_(color)&action=edit&redlink=1
Ciruela,#78184a,https://es.wikipedia.org/wiki/P%C3%BArpura#Muestras
Cobre o Cobrizo,#cb6d51,https://es.wikipedia.org/wiki/Cobre_(color)
Concha,#f4c2c2,https://es.wikipedia.org/wiki/Concha_(color)
Conchevino,#673147,https://es.wikipedia.org/wiki/Vino_(color)#Ejemplos_de_colores_vino_o_avinados
Coral,#e4717a,https://es.wikipedia.org/wiki/Coral_(color)
Cordobán,#924549,https://es.wikipedia.org/wiki/Cordob%C3%A1n_(color)
Corinto,#bb5d5e,https://es.wikipedia.org/wiki/Vino_(color)#Ejemplos_de_colores_vino_o_avinados
Crema,#fffdd0,https://es.wikipedia.org/wiki/Crema_(color)
Cuarzo,#d9d9f3,https://es.wikipedia.org/wiki/Blanco#Variedades_del_blanco
Damasco,#fbb680,https://es.wikipedia.org/wiki/Mel%C3%B3n_(color)#Ejemplos_y_coloraciones_similares
Dark,#ffe5b4,https://es.wikipedia.org/w/index.php?title=Dark_(color)&action=edit&redlink=1
Dorado,#d4af37,https://es.wikipedia.org/wiki/Oro_(color)
Durazno,#fee6b5,https://es.wikipedia.org/wiki/Durazno_(color)
Elefante,#9b8f79,https://es.wikipedia.org/wiki/Gris#Muestras_grises
Encaje Antiguo,#fdf5e6,https://es.wikipedia.org/wiki/Encaje_antiguo
Escarlata,#fd2d1c,https://es.wikipedia.org/wiki/Escarlata_(color)
Esmeralda,#009975,https://es.wikipedia.org/wiki/Esmeralda_(color)
Espinaca,#4a5d23,https://es.wikipedia.org/wiki/Verde#Verdes_amarillentos
Fandango,#b53389,https://es.wikipedia.org/wiki/Rojo_p%C3%BArpura#Ejemplos_de_rojo_púrpura
Feldgrau,#59646a,https://es.wikipedia.org/wiki/Feldgrau
Frambuesa,#e62c58,https://es.wikipedia.org/wiki/Frambuesa_(color)
Fucsia,#ff0080,https://es.wikipedia.org/wiki/Fucsia
Gamuza,#e8bd85,https://es.wikipedia.org/wiki/Gamuza_(color)
Geranio,#e52d33,https://es.wikipedia.org/wiki/Rojo#Ejemplos_de_coloraciones_rojas
Glauco,#008094,https://es.wikipedia.org/wiki/Azul_verde#Coloraciones_azul_verdes
Grafito,#1c1c1c,https://es.wikipedia.org/wiki/Negro_(color)#Ejemplos_de_coloraciones_negras
Grana,#c72744,https://es.wikipedia.org/wiki/Carm%C3%ADn#Como_color
Granate,#800000,https://es.wikipedia.org/wiki/Granate_(color)
Gris,#808080,https://es.wikipedia.org/wiki/Gris
Gris Acorazado,#848482,https://es.wikipedia.org/wiki/Gris_acorazado
Gris Antracita,#393f43,https://es.wikipedia.org/wiki/Gris#Muestras_grises
Gris Cadete,#81878b,https://es.wikipedia.org/wiki/Gris_cadete
Gris Ceniza,#cecece,https://es.wikipedia.org/wiki/Gris_ceniza
Gris Frío,#496063,https://es.wikipedia.org/wiki/Gris_fr%C3%ADo
Gris de Davy,#565656,https://es.wikipedia.org/wiki/Gris_de_Davy
Gris de Payne,#536878,https://es.wikipedia.org/wiki/Gris_de_Payne
Gualda o Gualdo,#fabd00,https://es.wikipedia.org/wiki/Oro_(color)#Coloraciones_doradas
Guinda,#952f57,https://es.wikipedia.org/wiki/Guinda_(color)
Gules,#f00909,https://es.wikipedia.org/wiki/Esmalte_(her%C3%A1ldica)#Códigos_de_color_RGB_y_CYMK
Guta o Gutagamba,#e49b0f,https://es.wikipedia.org/wiki/Gutagamba
Habano,#844e34,https://github.com/meodai/noms-de-couleur/#authors-@meodai
Herrumbre,#a2522b,https://es.wikipedia.org/wiki/Herrumbre_(color)
Hielo,#a2c8d4,https://github.com/meodai/noms-de-couleur/#authors-@meodai
Hueso,#e3dac9,https://es.wikipedia.org/wiki/Blanco#Variedades_del_blanco
Humo,#92a4b1,https://es.wikipedia.org/wiki/Gris#Muestras_grises
Hígado,#891e35,https://es.wikipedia.org/wiki/H%C3%ADgado_(color)
Jade,#00a86b,https://es.wikipedia.org/wiki/Verde#Verdes_azulados
Kalua,#b78e5b,https://es.wikipedia.org/wiki/Marron_(color)#Otros_ejemplos_y_tipos_de_marrón
Lacre,#a73330,https://es.wikipedia.org/wiki/Rojo#Ejemplos_de_coloraciones_rojas
Ladrillo,#b22222,https://github.com/meodai/noms-de-couleur/#authors-@meodai
Lapislázuli,#4374b9,https://es.wikipedia.org/wiki/Lapisl%C3%A1zuli
Latón,#ab9144,https://es.wikipedia.org/wiki/Marr%C3%B3n#Otros_ejemplos_y_tipos_de_marrón
Lava,#483c32,https://es.wikipedia.org/wiki/Lava_(color)#Colores_«lava»_negruzcos:_lava_solidificada
Lava Fundida,#b82928,https://es.wikipedia.org/wiki/Lava_(color)
Lavanda,#b57edc,https://es.wikipedia.org/wiki/Lavanda_(color)
León o Leonado,#c49d6e,https://es.wikipedia.org/wiki/Le%C3%B3n_(color)
Lila,#c8a2c8,https://es.wikipedia.org/wiki/Lila_(color)
Lima,#bfff00,https://es.wikipedia.org/wiki/Lima_(color)
Lima-Limón,#e3ff00,https://es.wikipedia.org/wiki/Lima_(color)#Lima_o_verde-amarillos_espectrales
Limón,#d9e542,https://es.wikipedia.org/wiki/Lim%C3%B3n_(color)
Lino,#d7d0b7,https://es.wikipedia.org/wiki/Lino_(color)
Lirio,#7f69a5,https://es.wikipedia.org/wiki/Lirio_(color)
Llama,#f98f1d,https://es.wikipedia.org/wiki/Llama_(color)
Lombarda,#852c84,https://es.wikipedia.org/wiki/Morado#Coloraciones_similares
Lúcuma,#ffba14,https://es.wikipedia.org/wiki/Amarillo_naranja#Coloraciones_amarillo-naranjas
Magenta,#ff00ff,https://es.wikipedia.org/wiki/Magenta
Malaquita,#0bda51,https://es.wikipedia.org/wiki/Malaquita#Color_malaquita
Malva,#e0b0ff,https://es.wikipedia.org/wiki/Malva_(color)
Mamey,#f06030,https://es.wikipedia.org/wiki/Rojo_naranja#Muestras_rojo_anaranjadas
Mandarina,#ed872d,https://es.wikipedia.org/wiki/Naranja_(color)#Ejemplos_de_colores_anaranjados
Marfil,#f4e6ac,https://es.wikipedia.org/wiki/Crema_(color)#Coloraciones_similares
Marrón,#993300,https://es.wikipedia.org/wiki/Marr%C3%B3n
Marrón Cuero,#97572b,https://es.wikipedia.org/wiki/Marr%C3%B3n#Otros_ejemplos_y_tipos_de_marrón
Marrón Dorado,#996515,https://es.wikipedia.org/wiki/Marr%C3%B3n#Otros_ejemplos_y_tipos_de_marrón
Maíz,#fced5e,https://es.wikipedia.org/wiki/Ma%C3%ADz_(color)
Melocotón,#fde7b6,https://es.wikipedia.org/wiki/Durazno_(color)
Melón,#fbca7f,https://es.wikipedia.org/wiki/Mel%C3%B3n_(color)
Menta,#bff7dc,https://es.wikipedia.org/wiki/Menta_(color)
Miel,#d29340,https://es.wikipedia.org/wiki/Marr%C3%B3n#Otros_ejemplos_y_tipos_de_marrón
Molvada,#e2afed,https://es.wikipedia.org/wiki/Naranja_(color)#Ejemplos_de_colores_anaranjados
Morado,#c54b8c,https://es.wikipedia.org/wiki/Morado
Mostaza,#ffdb58,https://es.wikipedia.org/wiki/Amarillo_naranja#Coloraciones_amarillo-naranjas
Musgo,#51794b,https://es.wikipedia.org/wiki/Verde#Verdes_agrisados
Naranja,#f0801b,https://es.wikipedia.org/wiki/Naranja_(color)
Naranja Cadmio,#ee882e,https://es.wikipedia.org/wiki/Naranja_(color)#Ejemplos_de_colores_anaranjados
Naranja Caqui,#f38d3c,https://es.wikipedia.org/wiki/Caqui_(color)#Naranja_caqui
Naranja Persa,#d99058,https://es.wikipedia.org/wiki/Naranja_persa
Naranja de Portland,#ff5a36,https://es.wikipedia.org/wiki/Naranja_de_portland
Negro,#000000,https://es.wikipedia.org/wiki/Negro_(color)
Negro Bujía,#2a3223,https://es.wikipedia.org/wiki/Negro_de_humo#Negro_bujía
Negro de Humo,#382212,https://es.wikipedia.org/wiki/Negro_de_humo
Nogal,#5d432c,https://es.wikipedia.org/wiki/Marr%C3%B3n#Otros_ejemplos_y_tipos_de_marrón
Níquel,#8f817f,https://es.wikipedia.org/wiki/Gris#Muestras_grises
Ocaso,#fad6a5,https://es.wikipedia.org/wiki/Ocaso_(color)
Ocre,#b9935a,https://es.wikipedia.org/wiki/Ocre#El_color_ocre
Ocre Amarillo,#d9ad2a,https://es.wikipedia.org/wiki/Ocre#Ocres_de_uso_artístico
Ocre Dorado,#c97e28,https://es.wikipedia.org/wiki/Ocre#Ocre_dorado
Ocre Pardo,#5f3f3e,https://es.wikipedia.org/wiki/Ocre#Ocre_pardo
Ocre Rojo,#823a3f,https://es.wikipedia.org/wiki/Ocre#Ocre_rojo_tostado
Oliva,#808000,https://es.wikipedia.org/wiki/Oliva_(color)#Colores_web
Oro,#ffd700,https://es.wikipedia.org/wiki/Oro_(color)
Oro Viejo,#cfb53b,https://es.wikipedia.org/wiki/Oro_(color)#Coloraciones_doradas
Orquídea,#da70d6,https://es.wikipedia.org/wiki/Malva_(color)#Colores_web
Palo Rosa,#dd969c,https://es.wikipedia.org/wiki/Rosa_(color)#Ejemplos_del_color_rosado
Palta o Aguacate,#578304,https://es.wikipedia.org/wiki/Verde_amarillo#Otros_ejemplos_verde-amarillos
Pardo,#ac8147,https://es.wikipedia.org/wiki/Marr%C3%B3n#Pardo
Perla,#f0ead6,https://es.wikipedia.org/wiki/Blanco#Variedades_del_blanco
Perú,#cd853f,https://es.wikipedia.org/wiki/Marr%C3%B3n#Colores_web
Piel,#ffd4b2,https://es.wikipedia.org/wiki/Piel_(color)
Pistacho,#93c572,https://es.wikipedia.org/wiki/Verde#Verdes_agrisados
Pizarra,#5d6770,https://es.wikipedia.org/wiki/Pizarra_(color)
Plata o Plateado,#c0c0c0,https://es.wikipedia.org/wiki/Plata_(color)
Platino,#e5e4e2,https://es.wikipedia.org/wiki/Gris#Muestras_grises
Plomo,#575757,https://es.wikipedia.org/wiki/Plomo_(color)
Porcelana,#436b95,https://es.wikipedia.org/wiki/Azul#Tipos_de_azules
Porráceo,#245338,https://es.wikipedia.org/wiki/Verde#Verdes_agrisados
Puerro,#cbc65d,https://es.wikipedia.org/wiki/Verde_amarillo#Otros_ejemplos_verde-amarillos
Punzó,#e62e11,https://es.wikipedia.org/wiki/Punz%C3%B3
Purpúreo,#9a4eae,https://es.wikipedia.org/wiki/P%C3%BArpura#Purpúreo_o_púrpura_en_biología
Púrpura,#6a0dad,https://es.wikipedia.org/wiki/P%C3%BArpura
Púrpura Eléctrico,#cc00ff,https://es.wikipedia.org/wiki/P%C3%BArpura#Púrpura_espectral
Púrpura Francés,#9e0e40,https://es.wikipedia.org/wiki/P%C3%BArpura#Púrpura_en_francés
Púrpura de Tiro,#7b236d,https://es.wikipedia.org/wiki/P%C3%BArpura_de_Tiro
Quercitrón,#e5b03d,https://es.wikipedia.org/wiki/Quercitr%C3%B3n
Quermes,#c42d45,https://es.wikipedia.org/wiki/Kermes_(pigmento)
Rojo,#e60026,https://es.wikipedia.org/wiki/Rojo
Rojo Anaranjado,#ea4613,https://es.wikipedia.org/wiki/Rojo_anaranjado
Rojo Coral,#ea453f,https://es.wikipedia.org/wiki/Coral_(color)
Rojo Falun,#a54332,https://es.wikipedia.org/wiki/Rojo_de_Falun
Rojo Ferrari,#cc0000,https://es.wikipedia.org/wiki/Rojo_Ferrari
Rojo Fucsia,#ff005a,https://es.wikipedia.org/wiki/Fucsia
Rojo Indio,#882d17,https://es.wikipedia.org/wiki/Rojo_indio
Rojo Magenta,#e5097f,https://es.wikipedia.org/wiki/Magenta#Magenta_sustractivo_(color_primario)
Rojo Neón,#fe575f,https://es.wikipedia.org/wiki/Rojo#Ejemplos_de_coloraciones_rojas
Rojo Periodo,#9c0002,https://es.wikipedia.org/wiki/Rojo#Ejemplos_de_coloraciones_rojas
Rojo Persa,#cb1d11,https://es.wikipedia.org/wiki/Rojo_persa
Rojo Púrpura,#b21154,https://es.wikipedia.org/wiki/Rojo_p%C3%BArpura
Rojo Sangre,#9c0001,https://es.wikipedia.org/wiki/Rojo#Ejemplos_de_coloraciones_rojas
Rojo Toscano,#79443b,https://es.wikipedia.org/wiki/Rojo_toscano
Rojo Upsdell,#ae2029,https://es.wikipedia.org/wiki/Rojo_Upsdell
Rojo Veneciano,#6e433c,https://es.wikipedia.org/wiki/Rojo_veneciano
Rojo Violeta,#c71585,https://es.wikipedia.org/wiki/Rojo_p%C3%BArpura#Colores_web
Rojo óXido,#aa5b56,https://es.wikipedia.org/wiki/Rojo_indio#Rojo_indio_y_otros_pigmentos_basados_en_el_óxido_de_fierro
Rosa Coral,#f88379,https://es.wikipedia.org/wiki/Coral_(color)#Rosa_coral
Rosa Lavanda,#e8ccd7,https://es.wikipedia.org/wiki/Rosa_(color)#Ejemplos_del_color_rosado
Rosa Malva,#d597ae,https://es.wikipedia.org/wiki/Rosa_(color)#Ejemplos_del_color_rosado
Rosa Mexicano,#f50087,https://es.wikipedia.org/wiki/Rosa_mexicano
Rosa Mountbatten,#997a8d,https://es.wikipedia.org/wiki/Rosa_Mountbatten
Rosa Naranja,#ff9966,https://es.wikipedia.org/wiki/Rosa_naranja
Rosa Shocking,#fc0fc0,https://es.wikipedia.org/wiki/Rosa_shocking
Rosa o Rosado,#ffc0cb,https://es.wikipedia.org/wiki/Rosa_(color)
Rubí,#e0115f,https://es.wikipedia.org/wiki/Rojo#Ejemplos_de_coloraciones_rojas
Rufo,#cc6e52,https://es.wikipedia.org/wiki/Rufo_(color)
Salmón,#f28773,https://es.wikipedia.org/wiki/Salm%C3%B3n_(color)
Salvia,#93a996,https://github.com/meodai/noms-de-couleur/#authors-@meodai
Salvia Azulado,#245b60,https://github.com/meodai/noms-de-couleur/#authors-@meodai
Sangría,#92000a,https://es.wikipedia.org/wiki/Vino_(color)#Ejemplos_de_colores_vino_o_avinados
Secuoya,#8a5754,https://es.wikipedia.org/wiki/Secuoya_(color)
Sepia,#663b2a,https://es.wikipedia.org/wiki/Sepia_(color)
Siena,#c58a3e,https://es.wikipedia.org/wiki/Siena_(color)
Siena Tostada,#892e18,https://es.wikipedia.org/wiki/Siena_(color)#Siena_tostada
Sinople,#008c00,https://es.wikipedia.org/wiki/Esmalte_(her%C3%A1ldica)#Códigos_de_color_RGB_y_CYMK
Teja,#b94841,https://es.wikipedia.org/wiki/Rojo#Ejemplos_de_coloraciones_rojas
Tomate,#ff6347,https://es.wikipedia.org/wiki/Tomate_(color)
Torcaza o Topo,#87794e,https://es.wikipedia.org/wiki/Gris#Muestras_grises
Toronja,#fe6448,https://es.wikipedia.org/w/index.php?title=Toronja_(color)&action=edit&redlink=1
Trigo,#f5deb3,https://es.wikipedia.org/wiki/Trigo_(color)
Turquesa,#40e0d0,https://es.wikipedia.org/wiki/Turquesa_(color)
Turquí,#122562,https://es.wikipedia.org/wiki/Turqu%C3%AD
Té Verde,#cffdaf,https://es.wikipedia.org/wiki/Verde_amarillo#Otros_ejemplos_verde-amarillos
Vainilla,#f5e7ad,https://es.wikipedia.org/wiki/Crema_(color)#Coloraciones_similares
Verde,#008000,https://es.wikipedia.org/wiki/Verde
Verde Agua,#87e79e,https://es.wikipedia.org/wiki/Verde#Otros_verdes_azulados
Verde Amarillo,#c6ce00,https://es.wikipedia.org/wiki/Verde_amarillo
Verde Azulado,#009a79,https://es.wikipedia.org/wiki/Azul_verde#Comparación_con_colores_próximos
Verde Bosque,#228b22,https://es.wikipedia.org/wiki/Verde_bosque
Verde Botella,#1b4d3e,https://es.wikipedia.org/wiki/Verde#Otros_verdes_azulados
Verde Británico de Carreras,#004225,https://es.wikipedia.org/wiki/British_racing_green
Verde Ceniza,#5f7f7a,https://es.wikipedia.org/wiki/Verde_ceniza
Verde Cian,#00ff99,https://es.wikipedia.org/wiki/Verde_cian
Verde Claro,#98ff98,https://es.wikipedia.org/wiki/Verde#Otros
Verde Esmeralda,#019a76,https://es.wikipedia.org/wiki/Verde_esmeralda
Verde Ftalo,#0f4f41,https://es.wikipedia.org/wiki/Ftalocianina
Verde Hooker,#44944a,https://es.wikipedia.org/wiki/Verde_Hooker
Verde Limón,#c0fe01,https://es.wikipedia.org/wiki/Lima_(color)
Verde Loro,#52b830,https://es.wikipedia.org/wiki/Verde#Otros
Verde Manzana,#8db600,https://es.wikipedia.org/wiki/Verde_amarillo#Otros_ejemplos_verde-amarillos
Verde Mar,#2e8b57,https://es.wikipedia.org/wiki/Verde#Verdes_azulados
Verde Menta,#9bfad0,https://es.wikipedia.org/wiki/Verde_menta
Verde Militar,#86895d,https://es.wikipedia.org/wiki/Verde_oliva
Verde Oliva,#9b933b,https://es.wikipedia.org/wiki/Verde_oliva#Ejemplos_y_colores_relacionados
Verde Oscuro,#006400,https://es.wikipedia.org/wiki/Verde#Otros
Verde Petróleo,#173f35,https://es.wikipedia.org/wiki/Verde#Otros_verdes_azulados
Verde Primavera,#00ff7f,https://es.wikipedia.org/wiki/Verde_primavera
Verde Turquesa,#49b675,https://es.wikipedia.org/wiki/Turquesa_(color)#Ejemplos_de_coloraciones_turquesas
Verde Veronese o Veronés,#009d7a,https://es.wikipedia.org/wiki/Verde_Veronese
Verde de París o de Schweinfurt,#009966,https://es.wikipedia.org/wiki/Verde_de_Par%C3%ADs
Verdete, Verdín o Verdigrís,#6ec2af,https://es.wikipedia.org/wiki/Cardenillo
Vino o Vinotinto,#57080d,https://es.wikipedia.org/wiki/Vino_(color)
Violeta,#78288c,https://es.wikipedia.org/wiki/Violeta_(color)
Violín,#a10684,https://es.wikipedia.org/wiki/Viol%C3%ADn_(color)
Viridián/Veridian,#007f5c,https://es.wikipedia.org/w/index.php?title=Viridi%C3%A1n/Veridian&action=edit&redlink=1
Wasabi,#afd77f,https://es.wikipedia.org/wiki/Verde_amarillo#Otros_ejemplos_verde-amarillos
Wengué,#3d2e2c,https://es.wikipedia.org/wiki/Wengu%C3%A9_(color)
Wisteria,#c9a0dc,https://es.wikipedia.org/wiki/Wisteria_(color)
Zafiro,#6576b4,https://es.wikipedia.org/wiki/Zafiro_(color)
Zanahoria,#ed9121,https://es.wikipedia.org/wiki/Naranja_(color)#Ejemplos_de_colores_anaranjados
Zinc,#91888b,https://es.wikipedia.org/wiki/Gris#Muestras_grises
ÁMbar,#ffbf00,https://es.wikipedia.org/wiki/%C3%81mbar_(color)
ÉBano,#37312b,https://es.wikipedia.org/wiki/Negro_(color)#Ejemplos_de_coloraciones_negras